Title Name,Language,Type,Rating,IMDb,Cover Image Path
5 Centimeters Per Second,Movie,Japanese,TV-PG,,images\5centimeterspersecond.jpeg
7SEEDS,TV,English,TV-MA,6.3/10,images\AAAABaIxapLx_30QA169nEWtVtNqkEBkI47OvMeRItriJHr80i1lxxIjRiAbECQI9G8SWz-7yMtHJZPRKDPFsXsSTblQrmLQ3LMCuEH1FOL5CxyDmHNfmU82U1r8E6bceKsDlhSExmD5YddXuvJlwvsY8WMTpzWJ62Y.jpg
A Whisker Away,Movie,Japanese,TV-PG,,images\AAAABWUfdrOF3ru7L_48txd-a2DBqRnDq1iJyeAyKob-qympXQSkYh1XetzMLXpu3gjObKVz-_TOid0A6M42i8iuG9FDovMdwATij5ZKoyF6neGmWziKqru3MgJd0_wGtg.jpg
A.I.C.O.,TV,Japanese,TV-14,6.4/10,
Adam by Eve: A live in Animation,Movie,Japanese,TV-14,,images\adambyevealiveinanimation.jpeg
Aggretsuko,TV,English,TV-14,8.0/10,images\AAAABWx42hW4ak-ezI6O_ombvmuv9qN03lzo38FOcXescrwkJ91tkaIYfrcu1Ua270OGsbYn32fl1gBuHtapsD0o5mC3eltiEj4AFEbJQVi5A15bgzRKsk42RY2kkmg41Cs3u9hLIGPQamQIFiLFEnTdHA.jpg
Aggretsuko: We Wish You a Metal Christmas,Movie,English,TV-PG,7.5/10,
AJIN: Demi-Human,TV,Japanese,TV-MA,6.4/10,
Akuma Kun,TV,Japanese,TV-MA,,images\akumakun.jpeg
Alice in Borderland,TV,Japanese,TV-MA,,images\aliceinborderland.jpeg
Altered Carbon: Resleeved,Movie,Japanese,TV-MA,6.5/10,images\AAAABarp0_ESBiX6EV9xDNFPbFBYPcbqlKhXaP7_qZiCtTUrozoK6_aHdcMvLZY6bHhBaFveXmh9MJof54qgLVK-0GGd3bU6x2k7ADuSiIo0fDLnu0I23ujvhUUs7klBJg.jpg
B: The Beginning,TV,Japanese,TV-MA,7.2/10,
Back Street Girls -GOKUDOLS-,TV,Japanese,TV-MA,6.6/10,
BAKI,TV,Japanese,TV-MA,6.7/10,images\AAAABeo1tjbiMR4PkqhpcN_0rbFPBwtFzTsMAn8OGnylji-1ptscs9PTC_bMezZ6C3FfXNphToy_Y8Kk4fqPLpisuFYVKClb-3hjrN_YX9Oc8fbGYchFnAqaKtp40BEQ-Ir_qt2UlE0xF94vy786z2I2hK24JC7m_j0.jpg
Baki Hanma,TV,Japanese,TV-MA,,images\bakihanma.jpeg
Baki Hanma VS Kengan Ashura,Movie,Japanese,TV-MA,,images\bakihanmavskenganashura.jpeg
BEASTARS,TV,Japanese,TV-MA,8.0/10,images\AAAABQexaRA68VT_NgvqU6Th_fdCYYMQ-2M9-dZ09zdCwR73mztOBuAwKs1Ohx08AP2fR_lAt4nWfHa8lR0DF_rPVc8vAVRN9eFllvZa-NQljCIE8bsaBjMn_G8Dx6kkTA.jpg
Bee and PuppyCat,TV,English,TV-PG,,images\beeandpuppycat.jpeg
Beyblade Burst QuadDrive,TV,English,TV-Y,,images\beybladeburstquaddrive.jpeg
Beyblade Burst Rise,TV,English,TV-Y7,,images\beybladeburstrise.jpeg
Beyblade Burst Turbo,TV,English,TV-Y7,,images\AAAABaMGLfq-CoPXI5zJ2Jus5Y-XXN0aC9N8D9ARqD4wkmRcO8_m8LGLGCFbI0ZCbf9HvbFwAYAImSObku5nQbgzAA_wn--X.jpg
BEYBLADE X,TV,Japanese,TV-Y7,,images\beybladex.jpeg
Black Butler,TV,Japanese,TV-MA,7.8/10,
Black Clover,TV,Portuguese,TV-PG,,images\blackclover.jpeg
Black Clover: Sword of the Wizard King,Movie,Japanese,TV-14,,images\blackcloverswordofthewizardking.jpeg
BLAME!,Movie,Japanese,TV-14,6.7/10,
Blazing Transfer Students,TV,Japanese,TV-MA,7.3/10,
Blood of Zeus,TV,English,TV-MA,,images\bloodofzeus.jpeg
Blue Box,TV,Japanese,TV-PG,,images\bluebox.jpeg
BLUE GIANT,Movie,Japanese,TV-14,,images\bluegiant.jpeg
Blue Period,TV,Japanese,TV-14,,images\blueperiod.jpeg
BNA,TV,Japanese,TV-14,7.2/10,images\AAAABeyCEguLPGymHF7ciTKMr8TS-U0jSldGHGgZJVn-0hrO70T5XPMry6zCFIOXaNfTXqhEFVSXpcYkKNJGozY_upB_rA-pfsdgyjkRkn1foWeCt1bkx9EeXaqDAYKcpg.jpg
Boruto: Naruto the Movie,Movie,Japanese,PG,,images\borutonarutothemovie.jpeg
Bright: Samurai Soul,Movie,English,TV-14,,images\brightsamuraisoul.jpeg
Cagaster of an Insect Cage,TV,Japanese,TV-MA,6.1/10,images\AAAABbrY7ZoCeQ-cwWMenvqyMPTv_QBSapFH1xW14FhIqQoBevfmeBNCkJMPgrKJGsvhhhO9SWLWAkxL9qeMBRzAhJl6WhB8HRAXXz1oNa-QkrhANh_BEnL5T_Q0BYGdzw.jpg
Cannon Busters,TV,English,TV-MA,6.8/10,images\AAAABcMtIaNbV3w0TMArGqqkm0sS4qvwJLXwMTsxCX-a7iqwiMlgjGXIXbzWc5aPRVKJgyA-6SsL0RFHSobmakYFjG-T1unCc4gF_-wahSQAOAG-ItSefYpbxEsmMOdWtg.jpg
CAROLE & TUESDAY,TV,Japanese,TV-MA,7.9/10,images\AAAABeUBg1UYO6xA2fDNkyZpONI52xDq24ZKOIaYHGKvY64f0F-st6RTOes8HCr_bexAZQUemSfDPMWUfwzagMxDqx9LRWjpYsVp0VLmGt9shMU4rECsQ_JIkF53IksMj0CK0T70c7pwtjkaNzv38gw3oCLwDN4lP1c.jpg
Case Closed: The Culprit Hanzawa,TV,Japanese,TV-14,,images\caseclosedtheculprithanzawa.jpeg
Case Closed: Zero's Tea Time,TV,Japanese,TV-PG,,images\caseclosedzerosteatime.jpeg
Castlevania,TV,English,TV-MA,8.2/10,images\AAAABcY8I-Y52BTurj7rJqvu2T_vsYW6NVYjUbZtQGdRCLnf-q60wijoe8tysFYweXT_j7z2azy_bla8RlKthiPS9TjCw2ZbxhVqhSvYtnVqqMgOTRu9YO4FAbiB9RkNYgMUrzI4aQiLfgG6vkh8NKQ0G4dnVNdd67w.jpg
Child of Kamiari Month,Movie,Japanese,TV-PG,,images\childofkamiarimonth.jpeg
Children of the Whales,TV,Japanese,TV-14,7.1/10,
Cowboy Bebop,TV,Japanese,TV-MA,,images\cowboybebop.jpeg
Cyberpunk: Edgerunners,TV,English,TV-MA,,images\cyberpunkedgerunners.jpeg
Cyborg 009: Call of Justice,TV,Japanese,TV-14,6.6/10,
DAN DA DAN,TV,Japanese,TV-MA,,images\dandadan.jpeg
DEATH NOTE,TV,Japanese,TV-14,9.0/10,
Delicious in Dungeon,TV,Japanese,TV-MA,,images\deliciousindungeon.jpeg
Demon Slayer: Kimetsu no Yaiba,TV,Japanese,TV-MA,,images\demonslayerkimetsunoyaiba.jpeg
Den-noh Coil,TV,Japanese,TV-Y7,,images\dennohcoil.jpeg
Devilman Crybaby,TV,Japanese,TV-MA,7.6/10,
Dino Girl Gauko,TV,English,TV-Y7,7.1/10,images\AAAABf2_xikurx4hCngsl5l_57PI_jNpeukOgEMeAdsD7FtLZe_ltMoCwbuSAvi-Yh7GvHSrEjqFqsMGjHMVmb5w9fkz1HyJon1jXvpaAoNhDOsUvozQ5RRq0gCI-BCidNUOWHVICQxopEdS3br-C_cACtu2KiCUn54.jpg
Dinosaur King,TV,Japanese,TV-Y7,5.5/10,
Dorohedoro,TV,Japanese,TV-MA,8.2/10,images\AAAABcMLkxZNEm78uUuYGC9F2eniA7ypBfgCj4Yl3IJc5Jg3veppKGNwBhw2IBx1Xm9FXQya6M56gK86vW2Fo1Q7fFb5fjKHr8pliW65zaM-WGxdD2yO4C0sgRCMWqnKGg.jpg
DOTA: Dragon's Blood,TV,English,TV-MA,,images\dotadragonsblood.jpeg
Dragon Age: Absolution,TV,English,TV-MA,,images\dragonageabsolution.jpeg
DRAGON PILOT: Hisone & Masotan,TV,Japanese,TV-14,6.9/10,
Dragon Quest Your Story,Movie,Japanese,TV-PG,6.6/10,images\AAAABTuY982IOotzxcNWCP3iHuj7__WwsLnnq8V4gksTsgtTKNnBa6gzZ3i9ax-zqbSckUKHfWE59TevinXsSAuEH509T_R_mXqQ4LsnIQgw4gkwnrp54o1atZYEnA5c8w.jpg
Dragon's Dogma,TV,English,TV-MA,,images\dragonsdogma.jpeg
DRIFTING DRAGONS,TV,Japanese,TV-14,6.2/10,images\AAAABQBynBGCthefAJPqvbqfT-Va8IuIarCOZQVjMCmCEP-svoWz2Iy8BcU4UAQkFLah7eqiqiMderlTUeTxy1LBeN-IxthFI3c9b15YK34bLI8c5uaGH2XC4YVUbdQ6Eg.jpg
Drifting Home,Movie,Japanese,PG,,images\driftinghome.jpeg
Eden,TV,Japanese,TV-Y7,,images\eden.jpeg
EDENS ZERO,TV,Japanese,TV-14,,images\edenszero.jpeg
Erased,TV,Japanese,TV-14,7.9/10,
EVANGELION: DEATH (TRUE)²,Movie,Japanese,TV-MA,7.5/10,images\AAAABQJNWjTs8ES_av9JozSFL_qSHQSDI9Rw-D1_GnVHRqPiSOjVISRaD4CSFVlkDnMQwBezyi6v3dAHRnw4-4SFE4F3IiJn0gMDfQ.jpg
Fate/Apocrypha,TV,Japanese,TV-MA,6.5/10,
Fate/EXTRA Last Encore,TV,Japanese,TV-MA,5.3/10,
Flavors of Youth: International Version,Movie,English,TV-PG,6.6/10,
Forest of Piano,TV,Japanese,TV-14,7.0/10,images\AAAABfbsiac8ASe9adrP3mIWwsFEOrkF0rrb-514hccJNBkkoczeiWqv9U90mKqPYyRIVZY57uAh2t1QqL2x2GdDp0iocNjuelaRd8h--lK-6wSFOC5LBl6PeFTVA2Zax-00caT3OGGzpVpqLIzbteSZig.jpg
From Me to You: Kimi ni Todoke,TV,Japanese,TV-PG,,
Garouden: The Way of the Lone Wolf,TV,English,TV-MA,,images\garoudenthewayofthelonewolf.jpeg
Ghost in the Shell: SAC_2045,TV,Japanese,TV-14,,images\AAAABb8d1AfEUy16kzwkBsoLjqFb1s0O0l7XVY2gMV4EwEJaaj-7lLmK0b1j-9FaDi2AGXUF6F6pdZX0QiqBuJ3rSq5Ay8aE1lgu-E0kgZfArlnZRzBbXkUZ5mQMYt-0tg.jpg
Ghost in the Shell: SAC_2045 Sustainable War,Movie,Japanese,TV-MA,,images\ghostintheshellsac2045sustainablewar.jpeg
Girls und Panzer der Film,Movie,Japanese,TV-MA,7.3/10,images\AAAABUcIh_Jltg5XxCCceg0izzg_A1MVkP7oQ_iJeUo69SiNvOdxZVaqKf5pXZMwQ3LunZm5E5BRXveXDVptybexA-sb3HIC.jpg
God Troubles Me,TV,Mandarin,TV-PG,,images\godtroublesme.jpeg
GODZILLA City on the Edge of Battle,Movie,Japanese,TV-14,5.8/10,images\AAAABaIOKROo9XKAQIl98d3uzsWXMaVaUjHpUjwj-JIibf1pfF6wmwbjfki7K9iyxCF7n7z7krTkyMnaAhLu-h44nO8-17-n41ddLw.jpg
GODZILLA Planet of the Monsters,TV,Japanese,TV-14,6.0/10,
Godzilla Singular Point,TV,Japanese,TV-14,,images\godzillasingularpoint.jpeg
GODZILLA The Planet Eater,Movie,Japanese,TV-PG,5.0/10,
GOOD NIGHT WORLD,TV,Japanese,TV-MA,,images\goodnightworld.jpeg
Grave of the Fireflies,Movie,Japanese,TV-14,,images\graveofthefireflies.jpeg
Great Pretender,TV,Japanese,TV-MA,,images\greatpretender.jpeg
Gundam: Requiem for Vengeance,TV,English,TV-MA,,images\gundamrequiemforvengeance.jpeg
Gurren Lagann,TV,Japanese,TV-14,8.3/10,images\AAAABVf2PxvVp5Qw8VTNxXTvcZokuFXoWY8qqRqAtRwuuo4g-x6ioPw9ljhPSji7U1Uz3waGPyi-4GsbM9EIcdTPB1vEnpvaAM0mqw.jpg
Haikyu!!,TV,Japanese,TV-14,8.7/10,images\AAAABdgyf4IFrw6DYjqYYmPyVw2UxwjHOXQWF4S7_NGE5ejbInlacwEb5BBNZ-JUXTFb1XD_3byX6_rLFVD62U0GrX7BZ3hb.jpg
Haikyu!! Movie 3: Genius and Sense,Movie,Japanese,TV-14,,images\haikyumovie3geniusandsense.jpeg
Haikyu!! Movie 4: Battle of Concepts,Movie,Japanese,TV-PG,,images\haikyumovie4battleofconcepts.jpeg
Hajime no Ippo: The Fighting!,TV,Japanese,TV-MA,,images\hajimenoippothefighting.jpeg
Hell's Paradise: Jigokuraku,TV,Japanese,TV-MA,,images\hellsparadisejigokuraku.jpeg
Her Blue Sky,Movie,Japanese,TV-PG,,images\herbluesky.jpeg
HERO MASK,TV,Japanese,TV-14,6.2/10,images\AAAABagi95V2evaWIptzGNIYKsRjU7ehGHyqSdxz9gWTO2tE85OZTP1cLbDQWHF4DVZqM0ZQBNeh_iPxMjml2CDLeo64EpMY-5nhmugO3Ffq2D4tZEVsja3c0otPG-VAO_DXoJ8.jpg
Hi Score Girl,TV,Japanese,TV-14,8.1/10,images\AAAABdBOwBsnZXy6NdPTWKejxsk5zhD-Frccsrve0t8dhs_n7ukMPKu_bV0MuEE43eCsLI-psY2Zz0I_Cc047RmSHRa4evadZpagfHByWLkw8_q8D-Q_JNBhNx8UX8Elp40rpFfnaCske8DBs7vG9JS2EmQnltYbqiQ.jpg
High-Rise Invasion,TV,Japanese,TV-MA,,images\highriseinvasion.jpeg
Hunter X Hunter (2011),TV,Japanese,TV-MA,8.9/10,images\AAAABSMief6ONaqOZ7WsH65puVliaDoBBprbr-pGuPUBVBntr7H-7Eh2RwSWi45RApQkZ8jg5DXk0M3X-_VDZuGj5BNbsKiD.jpg
Hunter x Hunter: Phantom Rouge,Movie,Japanese,TV-14,,images\hunterxhunterphantomrouge.jpeg
Hunter x Hunter: The Last Mission,Movie,Japanese,TV-14,,images\hunterxhunterthelastmission.jpeg
ID-0,TV,Japanese,TV-PG,6.0/10,
Ingress: The Animation,TV,English,TV-MA,6.5/10,images\AAAABYaNmMFef5sRnXHt7um6rojiWD6LUyMWKgiywSBIUA-XfiSpeUlG-eMf-CBDy4UZOXs26NeCnl-7vuDVAVk_YmKsw7sfTXdfGA.jpg
Inu-Oh,Movie,Japanese,PG-13,,images\inuoh.jpeg
InuYasha,TV,Japanese,TV-14,7.9/10,
Inuyasha: The Final Act,TV,English,TV-14,,images\inuyashathefinalact.jpeg
Japan Sinks: 2020,TV,Japanese,TV-MA,,images\AAAABXcWTfTWQRIpQkR-FO3CIPKJHW5AhRLz5xx2qpjxYf9FUV2Se7ppxIrTJ2yh-ko8goskl2HAuJq3cpnDCBn8kRE76SfZIZRrvbtRoB0dmgLpf2ztGmqpqfDDOxSu5Q.jpg
Jujutsu Kaisen,TV,Japanese,TV-MA,,images\jujutsukaisen.jpeg
Jujutsu Kaisen 0: The Movie,Movie,Japanese,PG-13,,images\jujutsukaisen0themovie.jpeg
Junji Ito Maniac: Japanese Tales of the Macabre,TV,Japanese,TV-MA,,images\junjiitomaniacjapanesetalesofthemacabre.jpeg
K-On!,TV,Japanese,TV-PG,7.6/10,images\AAAABZXVXAHaTWjZGPvl_HH1kwxKXOmDoVnozchcpb5fGX-7b0-ZB7qfCaKXQd6PDlVfj3dtNcYzoWQb-HVN_UzuRe8-AX09.jpg
K-on! the movie,Movie,Japanese,TV-PG,7.6/10,images\AAAABUdlNKrS5i4KNAnN77HEJ0H62mL5NDhJ1haNGFXTzDASfPyv2Kb5bPpc6g1RaiLG6GJEPLBqKpqXf4I5g9Ze3NGeMOqV.jpg
Kabaneri of the Iron Fortress: The Battle of Unato,TV,Japanese,TV-MA,,images\AAAABdF8DArVUdqebpNTxly-OtcIcWRgxgZ7pocG8oQAKFidqro1aE4TAxVwgcn7v-f_Sr3PL-_8OlAbFB7c3V3LHyd-6TEk2DIgwuvrbPVpQbwl-Yagtbv7y1C-aDsnvQ.jpg
Kakegurui,TV,Japanese,TV-MA,7.2/10,images\AAAABUnoTac8C-Y5uxeF4nOnNg-_9dj7JpHvyeve6qdZbXjdiBrqZCRvgKX9l74HbxQXK1EeRkD61h5nPdSgpysOscqkgVHBYZCOwuIVWua0CvzNXL7kKhlZ4iMeETM2xzzd6vk.jpg
Kakegurui,TV,Japanese,TV-14,,images\AAAABRPsUXDg_2Q_qw8RyoMDaEomYJvu4SCYakgpxn0Rso02jScttVvM5N8VuHAcaAAl7RBkA_PgeBl5LV_gIqm0eX9Gchq_J3PhGj_gXo106lSKPIgI20eSpPqVauYBn3hEoZ4k3HZO1MTnSETqDo5_iQ.jpg
KAKEGURUI TWIN,TV,Japanese,TV-14,,images\kakeguruitwin.jpeg
Kantaro: The Sweet Tooth Salaryman,TV,Japanese,TV-PG,7.6/10,
KENGAN ASHURA,TV,English,TV-MA,8.0/10,images\AAAABRTsXmD0_WULKjgqtU6ipdDXnhM3G5BN9gwxE6j7y6MJ46lVEPoy_n3g_5mt9_CWTVFmvH0RvFa4RwL7iwzdhcP9Mh1gwe0uYtvhddHPHPw4xpHpPK25ozuwWTxk44UHPDs5kfU3rtwcXxUHM92kDNph8JP81jo.jpg
Kinnikuman Perfect Origin Arc,TV,Japanese,TV-14,,images\kinnikumanperfectoriginarc.jpeg
Komi Can't Communicate,TV,Japanese,TV-G,,images\komicantcommunicate.jpeg
KonoSuba: God's Blessing on This Wonderful World,TV,Japanese,TV-14,,images\konosubagodsblessingonthiswonderfulworld.jpeg
Kotaro Lives Alone,TV,Japanese,TV-14,,images\kotarolivesalone.jpeg
Kuroko's Basketball,TV,Japanese,TV-MA,,images\kurokosbasketball.jpeg
Kuroko's Basketball: Last Game,Movie,Japanese,TV-14,,images\kurokosbasketballlastgame.jpeg
Kuromukuro,TV,Japanese,TV-14,7.2/10,
LAST HOPE,TV,Japanese,TV-14,5.8/10,
Levius,TV,Japanese,TV-14,7.0/10,images\AAAABaIGc_DQvFn07HILdd_kSOcq5ZYQjRnewpb0iAO3216dZ3mzrLcabm8a8nnOnI2ut_Tp_gp0F27GNkTiuOMZzDQREvECEtvAq_RjQw4NcmVuksC4sWLzwhX7SmhKzQ.jpg
Little Witch Academia,TV,Japanese,TV-Y7,7.9/10,
Lookism,TV,Korean,TV-MA,,images\lookism.jpeg
LOST SONG,TV,Japanese,TV-14,7.1/10,
Love and Fortune,TV,Japanese,TV-MA,7.5/10,
maboroshi,Movie,Japanese,TV-14,,images\maboroshi.jpeg
Magi,TV,Japanese,TV-14,7.9/10,images\AAAABXtW5yI51borp5bOekotl5nQ04HiSUFIR-03P52RhhN52EPlJGgEf9zEL8DEoelPhQOT-BS_GZo-1qn6DDRn7LPAmMgDt63B7A.jpg
MAKE MY DAY,TV,English,TV-MA,,images\makemyday.jpeg
Mary and The Witch's Flower,Movie,Japanese,PG,6.8/10,
Miniforce: Super Dino Power,TV,Korean,TV-Y7,,images\miniforcesuperdinopower.jpeg
Mob Psycho 100,TV,Japanese,TV-MA,8.5/10,
Mob Psycho 100,TV,Japanese,TV-14,,images\mobpsycho100.jpeg
Mobile Suit Gundam Hathaway,Movie,Japanese,TV-14,,images\mobilesuitgundamhathaway.jpeg
Mobile Suit Gundam Seed,TV,Japanese,TV-MA,,images\mobilesuitgundamseed.jpeg
Mobile Suit Gundam Seed Destiny,TV,Japanese,TV-14,,images\mobilesuitgundamseeddestiny.jpeg
Mobile Suit Gundam: Iron-Blooded Orphans,TV,Japanese,TV-14,,images\AAAABRs_zKBfjmQgxh_GNEhYHrEYh2V_DWcUlBkZR6DEdXGRqppjfXfy82Ql9O8OQWlWwlU-qR9k5gRMEXfIN5DEvvpA3Abg.jpg
Modest Heroes: Ponoc Short Films Theatre,Movie,Japanese,PG,0,images\AAAABfTaRqOEoSWUVlRfbuoA5cX95Os--QDTmfT8841124aKOHPs5G2e6PRX0WGgJuI0igjrCu9d7EBWg05J65WEj0uQ4CNJ.jpg
Mononoke,TV,Japanese,TV-MA,,images\mononoke.jpeg
Mononoke The Movie: The Phantom in the Rain,Movie,Japanese,TV-14,,images\mononokethemoviethephantomintherain.jpeg
Monster,TV,Japanese,TV-14,,images\monster.jpeg
Monster Hunter: Legends of the Guild,Movie,English,TV-PG,,images\monsterhunterlegendsoftheguild.jpeg
Monsters 103 Mercies Dragon Damnation,TV,Japanese,TV-MA,,images\monsters103merciesdragondamnation.jpeg
My Happy Marriage,TV,Japanese,TV-14,,images\myhappymarriage.jpeg
My Hero Academia,TV,Japanese,TV-14,,images\myheroacademia.jpeg
My Hero Academia: Heroes Rising,Movie,Japanese,PG-13,,images\myheroacademiaheroesrising.jpeg
My Hero Academia: Two Heroes,Movie,Japanese,PG-13,,images\myheroacademiatwoheroes.jpeg
My Oni Girl,Movie,Japanese,TV-PG,,images\myonigirl.jpeg
Naruto,TV,Japanese,TV-14,8.3/10,images\AAAABUsuJAhrY_O2wzX0YUuwOaWLp1Ee7D6O4oWe1spXrVKWGNywIhz6I9g5mitrlu1dh7Jw0dVzsZG3agmi_F1T4mMOxjYAhmhB4g.jpg
Neon Genesis Evangelion,TV,Japanese,TV-MA,8.5/10,images\AAAABeFb0Qm5VH1G15QmxZYUts96oFb3hNMZd1ZvuyYg1_iMk66gHdcWxxVslaOkyjBJuLy-QPnDMVevf7vOi8mlZCTj2w18dhzsQg.jpg
Once Upon A Time In Lingjian Mountain,TV,Mandarin,TV-14,7.6/10,images\AAAABVipmj1ghc_49N4x7D2xL-snXy_vulVX4iVgUBfpkEi0MBLmBIytSfQAkuI2CQpzAwqAfZ_XqvqMdOPRbrHXghdI5LXPW-mGB7m4b2eIvq-ZrJsAfFAVqUh7KJLV1-cLsZNNZT-I8B627Q.jpg
ONE PIECE,TV,Japanese,TV-14,9.2/10,images\AAAABbkojnU-N2-X-MFVmS1xhdhnwWbYlA-m6l1OudcLvAXh9Oeq8lxEjuoHEn6DvCn0hzgLv8pQh96e7PfyoNjkNdZ-lRS4.jpg
One Piece Adventure of Nebulandia,Movie,Japanese,TV-PG,,images\onepieceadventureofnebulandia.jpeg
One Piece Episode of East blue - Luffy and His Four Crewmates' Great Adventure,Movie,Japanese,TV-14,,images\onepieceepisodeofeastblueluffyandhisfourcrewmatesgreatadventure.jpeg
One Piece Episode of Skypiea,Movie,Japanese,TV-14,,images\onepieceepisodeofskypiea.jpeg
One Piece Film Z,Movie,Japanese,TV-14,,images\onepiecefilmz.jpeg
One Piece Film: Red,Movie,Japanese,PG-13,,images\onepiecefilmred.jpeg
One Piece Film: Strong World,Movie,Japanese,TV-PG,,images\onepiecefilmstrongworld.jpeg
One Piece: Episode of Alabasta,Movie,Japanese,PG-13,,images\onepieceepisodeofalabasta.jpeg
"One Piece: Episode of Chopper: Bloom in the Winter, Miracle Sakura",Movie,Japanese,TV-PG,,images\onepieceepisodeofchopperbloominthewintermiraclesakura.jpeg
One-Punch Man,TV,Japanese,TV-14,8.8/10,
Onimusha,TV,Japanese,TV-MA,,images\onimusha.jpeg
Onmyoji,TV,Japanese,TV-MA,,images\onmyoji.jpeg
Ōoku: The Inner Chambers,TV,Japanese,TV-MA,,images\okutheinnerchambers.jpeg
Orb: On the Movements of the Earth,TV,Japanese,TV-MA,,images\orbonthemovementsoftheearth.jpeg
Overlord,TV,Japanese,TV-MA,,images\overlord.jpeg
Pacific Rim: The Black,TV,Japanese,TV-14,,images\pacificrimtheblack.jpeg
Pokémon Journeys: The Series,TV,English,TV-Y7,0,images\AAAABY_u90r8pM-rWPWYhWNB5-onflnaJvLfdkWfbnc18Fb_P72USF_1OZnk9fqKb9U7VaOymGgBNwp0WGYjebKnHa1L_KE7xh6y2yhI7whWpz2mdRSyvxEtJxBsjadBLw.jpg
Pokémon the Movie: Secrets of the Jungle,Movie,Japanese,TV-Y7,,images\pokmonthemoviesecretsofthejungle.jpeg
Pokémon The Series: Indigo League,TV,English,TV-Y7,,
Pokémon: Mewtwo Strikes Back - Evolution,Movie,English,TV-Y7,5.7/10,images\AAAABWph8gvJr6YN-Ctjp2foUzKf6RfMuVcLxUwcCTwX9vwYfKQG50e3VdLrmRMFL110sr4h7kgvDDI4zfvpxpAYi7hvve74IIx4nFQlt9jCN2Bg8ov4uA3rQ3EnkQPPSw.jpg
Pretty Guardian Sailor Moon Eternal The Movie,TV,Japanese,TV-14,,images\prettyguardiansailormooneternalthemovie.jpeg
Qi Refining for 3000 Years,TV,Mandarin,TV-PG,,images\qirefiningfor3000years.jpeg
Ranma 1/2,TV,Japanese,TV-MA,,images\ranma12.jpeg
Record of Ragnarok,TV,Japanese,TV-MA,,images\recordofragnarok.jpeg
Resident Evil: Infinite Darkness,TV,English,TV-MA,,images\residentevilinfinitedarkness.jpeg
revisions,TV,Japanese,TV-14,6.1/10,images\AAAABamq9xQ9ym1EZtdFZ5H9QbL6sh5F9AzT-g3cUG1G8syN57ezJzqLfXtliplwsCi6lpW2Q0KfXC-7w-51wv2s31oatFcp_3X24g.jpg
Rilakkuma and Kaoru,TV,Japanese,TV-PG,8.4/10,images\AAAABd51yMaM4r5UpsuJXs8ugVbmkBciqnrxAulkOZws0naHo8c5Oh82V6kzeLme1W2BZGQ9dE6_Yi5DKnJA8Vu7m8VAwIh1YwdqNg.jpg
Rilakkuma's Theme Park Adventure,TV,Japanese,TV-PG,,images\rilakkumasthemeparkadventure.jpeg
Rising Impact,TV,Japanese,TV-PG,,images\risingimpact.jpeg
Road To Ninja -Naruto The movie-,Movie,English,TV-14,,images\roadtoninjanarutothemovie.jpeg
Romantic Killer,TV,Japanese,TV-14,,images\romantickiller.jpeg
Sailor Moon Crystal,TV,Japanese,TV-14,,images\sailormooncrystal.jpeg
Sakuna: Of Rice and Ruin,TV,Japanese,TV-14,,images\sakunaofriceandruin.jpeg
Seis Manos,TV,Japanese,TV-MA,7.3/10,images\AAAABQVaD6FU0rLlnH36RVYmyzJKfC0q-YRLUwkmGCLcVXw_SDIhWXYFPS2efLNTPsldbw5inyMzegdJEQ_d1BSh7TNL41loh5k51Itc347CQ0EvAHwgnFPSvOBHxLCqLg.jpg
SHAMAN KING,TV,Japanese,TV-PG,,images\shamanking.jpeg
Shaman King Flowers,TV,Japanese,TV-14,,images\shamankingflowers.jpeg
Sirius the Jaeger,TV,Japanese,TV-MA,6.8/10,
Skull Island,TV,English,TV-14,,images\skullisland.jpeg
Slam Dunk,TV,Japanese,TV-PG,,images\slamdunk.jpeg
Smoking,TV,Japanese,TV-MA,7.0/10,
Sol Levante,Movie,Japanese,TV-14,4.8/10,images\AAAABfbnPvaFGK-4PpY5do5mx7YM9wviMm6Gbm-LCasi10MAc4uaDpn8wWdx79fqDQpQ2yaVvdjZAzmeS-2IBYTaH55DvHSUdG5jMe7u2PIkBMP3lL_nSHFa01By_7sqyQ.jpg
SPRIGGAN,TV,Japanese,TV-MA,,images\spriggan.jpeg
STAND BY ME Doraemon,Movie,English,TV-PG,,images\standbymedoraemon.jpeg
STAND BY ME Doraemon 2,Movie,Japanese,TV-Y7,,images\standbymedoraemon2.jpeg
Sturgill Simpson Presents Sound & Fury,Movie,English,TV-MA,6.5/10,images\AAAABWxOlscUKsZdwgOpzyNwjTGRlnuZiv9agwYFJWNd-8w3VXMegVY8Uy6o-DBvPpA2kcBJ-Bgd1T2ek-P6xzipWSJVtmzUYngWK1Vq9CJmWMSEPufdOt-cSfmikT7RKw.jpg
Super Crooks,TV,Japanese,TV-MA,,images\supercrooks.jpeg
Suzume,Movie,Hindi,PG,,images\suzume.jpeg
Switched,TV,Japanese,TV-MA,7.2/10,
SWORDGAI The Animation,TV,Japanese,TV-MA,5.9/10,
Teasing Master Takagi-san,TV,Japanese,TV-PG,7.5/10,images\AAAABbQfhhqfXaec2itVh6E8OrJvc_i7sNOYKBiREmWhPL9Q9PXt3tGIen9vqBp7g76lwbhr9bBKY-Cyc6-HL0pOwK1n8xUvQfPhbAxgQYHg-HXjfCRCL1k5gecSkpnBeQ.jpg
Tekken: Bloodline,TV,English,TV-14,,images\tekkenbloodline.jpeg
Terminator Zero,TV,Japanese,TV-MA,,images\terminatorzero.jpeg
The Could’ve-Gone-All-the-Way Committee,TV,Japanese,TV-14,7.1/10,
The Deer King,Movie,Japanese,R,,images\thedeerking.jpeg
The Disastrous Life of Saiki K.,TV,Japanese,TV-14,8.3/10,
The Disastrous Life of Saiki K.: Reawakened,TV,Japanese,TV-14,,images\AAAABbxquDzYcyx8TpwZ6fWQJDw68R-ijzkvd0I0LOc5fc7tuccGkkfKcP4kOtFdxd63MMgtRiy5FkumxmJ6ypbDBPBb3YClpbnJo95TRCNenXQ2ELv_m9ci49fvbf7T4A.jpg
The End of Evangelion,Movie,Japanese,TV-MA,8.1/10,images\AAAABec_IKiYCVcA1pOg_TGOUyTL6kISxynnIBZ7ckbv9V_qHP6opiQMdJyWuQY3EV7IIoLKA64baKoSGGqYJEuanOfDeOkuop_lIQ.jpg
The First Slam Dunk,Movie,Japanese,PG-13,,images\thefirstslamdunk.jpeg
The Garden of Words,Movie,Japanese,TV-MA,7.5/10,images\AAAABS2uIfGhfBkTDUihA3g0-jOCoApaWBHFzkXRediMNQ5vwYOvCorlNzKo_LEsz3yZMQqactijnVug2YN4ciB6kR8HzHqa.jpg
The Grimm Variations,TV,Japanese,TV-MA,,images\thegrimmvariations.jpeg
The Guardians of Justice,TV,English,TV-MA,,images\theguardiansofjustice.jpeg
The Idhun Chronicles,TV,Spanish,TV-14,,images\theidhunchronicles.jpeg
The Imaginary,Movie,Japanese,PG,,images\theimaginary.jpeg
The Irregular at Magic High School,TV,Japanese,TV-PG,7.2/10,
The Last: Naruto the Movie,Movie,Japanese,TV-14,,images\thelastnarutothemovie.jpeg
The Orbital Children,TV,Japanese,TV-14,,images\theorbitalchildren.jpeg
The Quintessential Quintuplets,TV,Japanese,TV-PG,,images\thequintessentialquintuplets.jpeg
The Rising of the Shield Hero,TV,English,TV-14,,images\therisingoftheshieldhero.jpeg
The Seven Deadly Sins,TV,Japanese,TV-14,8.1/10,
The Seven Deadly Sins the Movie: Prisoners of the Sky,Movie,Japanese,TV-14,7.2/10,
The Seven Deadly Sins: Cursed by Light,Movie,Japanese,TV-14,,images\thesevendeadlysinscursedbylight.jpeg
The Seven Deadly Sins: Four Knights of the Apocalypse,TV,Japanese,TV-14,,images\thesevendeadlysinsfourknightsoftheapocalypse.jpeg
The Seven Deadly Sins: Grudge of Edinburgh Part 1,Movie,Japanese,TV-14,,images\thesevendeadlysinsgrudgeofedinburghpart1.jpeg
The Seven Deadly Sins: Grudge of Edinburgh Part 2,Movie,Japanese,TV-14,,images\thesevendeadlysinsgrudgeofedinburghpart2.jpeg
The Way of the Househusband,TV,Japanese,TV-14,,images\thewayofthehousehusband.jpeg
The Witcher: Nightmare of the Wolf,Movie,English,TV-MA,,images\thewitchernightmareofthewolf.jpeg
Thermae Romae Novae,TV,Japanese,TV-MA,,images\thermaeromaenovae.jpeg
Thus Spoke Kishibe Rohan,TV,Japanese,TV-MA,,images\thusspokekishiberohan.jpeg
Tokyo Godfathers,Movie,Japanese,PG-13,,images\tokyogodfathers.jpeg
Transformers: War For Cybertron Trilogy,TV,English,TV-Y7,,images\AAAABWEIcM0BFzM1-M8JR773l_QkLgCH8WFAOVvCLs80V_1q23jfIkf4WxiyLclxjbGFwqkvOGcdgfe234UwKC9xeQ_bWLLoGTWvIPeGs4vlaR_fmJ6nMnrEMTr168BP2g.jpg
Transformers: War for Cybertron: Earthrise,TV,English,TV-Y7,,images\transformerswarforcybertronearthrise.jpeg
T・P BON,TV,Japanese,TV-MA,,images\tpbon.jpeg
Ultraman,TV,Japanese,TV-14,6.9/10,images\AAAABY109K81Ei59R3xU5jXSduDAaidgKK9cqlnyaKxTnmjybSmhV9B7rwIdLrPj-id-suq1zSsQoukvtYiKRIE9Q8PJ3D4W4fcCaA.jpg
Ultramarine Magmell,TV,Japanese,TV-14,,images\AAAABT3ppj1tVSTJCCWNj7rHwqQ0D6FGULFWhOSLB1GNaozIk3THJH5DDY3b84KwAQ3YheW8GZq4R-gtKz7XDy_5CSL2MAIgCVuxYq6GKxyTkiCEOvF33-jhDRNeKzT1pg.jpg
Uncle from Another World,TV,Japanese,TV-MA,,images\unclefromanotherworld.jpeg
Vampire in the Garden,TV,Japanese,TV-14,,images\vampireinthegarden.jpeg
VINLAND SAGA,TV,Japanese,TV-MA,,images\vinlandsaga.jpeg
Violet Evergarden,TV,Japanese,TV-14,8.4/10,
Violet Evergarden: Eternity and the Auto Memory Doll,Movie,Japanese,TV-PG,7.4/10,images\AAAABbM19G6btwQybrNlUZa-dRQVczLo92srbnRw5YUulWiEiVUWsxfuozqVroFqHn2wxqS9ZqYkR6rqD3ClJO7omUwYFsb3.jpg
Violet Evergarden: Recollections,Movie,Japanese,TV-14,,images\violetevergardenrecollections.jpeg
Violet Evergarden: Special,TV,Japanese,TV-PG,,
Words Bubble Up Like Soda Pop,Movie,Japanese,TV-G,,images\wordsbubbleuplikesodapop.jpeg
World Trigger,TV,Japanese,TV-14,,images\worldtrigger.jpeg
Yakitori: Soldiers of Misfortune,TV,Japanese,TV-MA,,images\yakitorisoldiersofmisfortune.jpeg
Yasuke,TV,Japanese,TV-MA,,images\yasuke.jpeg
Yowamushi Pedal,TV,Japanese,TV-14,,images\yowamushipedal.jpeg
Yu Yu Hakusho: Ghost Files,TV,Japanese,TV-PG,,images\yuyuhakushoghostfiles.jpeg
Yu-Gi-Oh!,TV,English,TV-Y7,7.2/10,images\AAAABXymPGdOvjXVvq8zfnsgt0dEgHoDC0YkGCRE5JhF9UwNBkhIUb57d8fO6zKSkzVNaQ-uUf_YJwpRJzyUkeH2lirKJ78w.jpg
Zom 100: Bucket List of the Dead,TV,Japanese,TV-MA,,images\zom100bucketlistofthedead.jpeg
SAINT SEIYA: Knights of the Zodiac,TV,Japanese,TV-14,4.5/10,images\AAAABRh4gyl9KtnzkogSNkQXUJ294rLxSQ2396aR8O2bqsNiO9CUqTR9eW_V23lnMZZfHkadUi42zjRi_0B5euswDEDBSXiooNyfEEuFswjh3cAX0Rv4P27eCeXMDGsNV3UZLqZBRVaIPD6K6R29vbf0UrS1u7h_a6U.jpg
